{"cameraMode":{"drawMode":0,"name":"Shaded","section":"Shading Mode"},"sceneLighting":true,"audioPlay":false,"sceneViewState":{"showFog":false,"showMaterialUpdate":false,"showSkybox":false,"showFlares":false,"showImageEffects":false,"showParticleSystems":false},"in2DMode":false,"pivot":{"x":88.97677612304688,"y":256.90850830078127,"z":56.31353759765625},"rotation":{"x":-0.03559418395161629,"y":0.07039207965135575,"z":0.002512864302843809,"w":0.9968843460083008},"size":260.1581115722656,"orthographic":false}