{"cameraMode":{"drawMode":0,"name":"Shaded","section":"Shading Mode"},"sceneLighting":true,"audioPlay":false,"sceneViewState":{"showFog":false,"showMaterialUpdate":false,"showSkybox":false,"showFlares":false,"showImageEffects":false,"showParticleSystems":false},"in2DMode":false,"pivot":{"x":-30.961206436157228,"y":-55.43391799926758,"z":214.2715606689453},"rotation":{"x":-0.0026844486128538849,"y":-0.06595662981271744,"z":-0.00017760397167876363,"w":0.9978201985359192},"size":422.87493896484377,"orthographic":false}