{"cameraMode":{"drawMode":0,"name":"Shaded","section":"Shading Mode"},"sceneLighting":true,"audioPlay":false,"sceneViewState":{"showFog":false,"showMaterialUpdate":false,"showSkybox":false,"showFlares":false,"showImageEffects":false,"showParticleSystems":false},"in2DMode":false,"pivot":{"x":73.714111328125,"y":206.79290771484376,"z":54.629638671875},"rotation":{"x":-0.06259801238775253,"y":-0.040414437651634219,"z":-0.0025374412070959808,"w":0.9972206354141235},"size":1006.7730712890625,"orthographic":false}